{
  "decision_metrics": {
    "technique_accuracy": 1.0,
    "bass_swap_accuracy": 0.5784313725490197,
    "duration_mae": 0.3492235839366913
  },
  "curve_metrics": {
    "mse_overall": 0.011560499668121338,
    "mse_per_param": [
      0.0426633358001709,
      0.022496232762932777,
      0.008857756853103638,
      0.00972405169159174,
      0.0077597941271960735,
      0.006307579576969147,
      0.007298639044165611,
      0.005854856222867966,
      0.0045148590579628944,
      0.00012720584345515817
    ],
    "smoothness_pred": 0.0005958696128800511,
    "smoothness_target": 2.4114751795423217e-05,
    "smoothness_ratio": 23.725881576538086
  },
  "num_samples": 306
}